{"cameraMode":{"drawMode":0,"name":"Shaded","section":"Shading Mode"},"sceneLighting":false,"audioPlay":false,"sceneViewState":{"showFog":true,"showMaterialUpdate":false,"showSkybox":true,"showFlares":true,"showImageEffects":true,"showParticleSystems":true},"in2DMode":false,"pivot":{"x":0.0,"y":2.7200002670288088,"z":-9.020000457763672},"rotation":{"x":-0.03419321030378342,"y":0.9657925963401794,"z":-0.1790490597486496,"w":-0.18443824350833894},"size":1.8371174335479737,"orthographic":false}