{"cameraMode":{"drawMode":0,"name":"Shaded","section":"Shading Mode"},"sceneLighting":false,"audioPlay":false,"sceneViewState":{"showFog":true,"showMaterialUpdate":false,"showSkybox":true,"showFlares":true,"showImageEffects":true,"showParticleSystems":true},"in2DMode":false,"pivot":{"x":-1.0449904203414918,"y":-0.3744335174560547,"z":1.2808986902236939},"rotation":{"x":-0.11236722022294998,"y":0.8562006950378418,"z":-0.2098076343536377,"w":-0.458557665348053},"size":10.854044914245606,"orthographic":false}